modoc_east:C002__modoc_east_,C041__modoc_east_,C107__modoc_east_,C126__modoc_east_
modoc_west:C161__modoc_west_,C177__modoc_west_,C276__modoc_west_,C404__modoc_west_
herculeanus:C049__herculeanus_,C050__herculeanus_,C056__herculeanus_,C105__herculeanus_
novaeboracensis:C219__novaeboracensis_,C227__novaeboracensis_,C402__novaeboracencis_,C408__novaeboracencis_
new:C016__new2_,C018__new2_,C207__new2_,C303b__new_
laevissimus:C003__laevissimus_,C046__laevissimus_,C125__laevissimus_,C299b__laevissimus_
pennsylvanicus:C208__pennsylvanicus_,C211__pennsylvanicus_,C215__pennsylvanicus_,C256__pennsylvanicus_
chromaiodes:C133__chromaiodes_,C135__chromaiodes_,C212__chromaiodes_,C213__chromaiodes_

































