C002__modoc_east_	modoc_east
C003__laevissimus_	laevissimus
C005__T_vicinus1_	vicinus
C016__new2_	new
C018__new2_	new
C028__T_vicinus1_	vicinus
C039__T_vicinus1_	vicinus
C041__modoc_east_	modoc_east
C046__laevissimus_	laevissimus
C049__herculeanus_	herculeanus
C050__herculeanus_	herculeanus
C056__herculeanus_	herculeanus
C087__schaefferi_	schaefferi
C105__herculeanus_	herculeanus
C107__modoc_east_	modoc_east
C125__laevissimus_	laevissimus
C126__modoc_east_	modoc_east
C129__schaefferi_	schaefferi
C130b__schaefferi_	schaefferi
C130__schaefferi_	schaefferi
C132__amcast_	americanus
C133__chromaiodes_	chromaiodes
C134__amcast_	americanus
C135__chromaiodes_	chromaiodes
C142__quercicola_	laevigatus
C145__quercicola_	laevigatus
C161__modoc_west_	modoc_west
C177__modoc_west_	modoc_west
C207__new2_	new
C208__pennsylvanicus_	pennsylvanicus
C209__amcast_	americanus
C211__pennsylvanicus_	pennsylvanicus
C212__chromaiodes_	chromaiodes
C213__chromaiodes_	chromaiodes
C215__pennsylvanicus_	pennsylvanicus
C219__novaeboracensis_	novaeboracensis
C222__amcast_	americanus
C227__novaeboracensis_	novaeboracensis
C256__pennsylvanicus_	pennsylvanicus
C257__myrmentoma_	decipiens
C276__modoc_west_	modoc_west
C284__quercicola_	laevigatus
C291__quercicola_	laevigatus
C299b__laevissimus_	laevissimus
C303b__new_	new
C354__texanus_	texanus
C357__texanus_	texanus
C359__Myrmentoma_	decipiens
C361__texanus_	texanus
C364__texanus_	texanus
C365__Myrmentoma_	decipiens
C368__Myrmentoma_	decipiens
C402__novaeboracencis_	novaeboracensis
C404__modoc_west_	modoc_west
C408__novaeboracencis_	novaeboracensis
C433__T_vicinus1_	vicinus
SRR25452767__floridanus_	Outgroup
SRR25452768__floridanus_	Outgroup
SRR25452771__floridanus_	Outgroup
