C002__modoc_east_	modoc_east
C003__laevissimus_	laevissimus
C016__new2_	new
C018__new2_	new
C041__modoc_east_	modoc_east
C046__laevissimus_	laevissimus
C049__herculeanus_	herculeanus
C050__herculeanus_	herculeanus
C056__herculeanus_	herculeanus
C105__herculeanus_	herculeanus
C107__modoc_east_	modoc_east
C125__laevissimus_	laevissimus
C126__modoc_east_	modoc_east
C133__chromaiodes_	chromaiodes
C135__chromaiodes_	chromaiodes
C161__modoc_west_	modoc_west
C177__modoc_west_	modoc_west
C207__new2_	new
C208__pennsylvanicus_	pennsylvanicus
C211__pennsylvanicus_	pennsylvanicus
C212__chromaiodes_	chromaiodes
C213__chromaiodes_	chromaiodes
C215__pennsylvanicus_	pennsylvanicus
C219__novaeboracensis_	novaeboracencis
C227__novaeboracensis_	novaeboracencis
C256__pennsylvanicus_	pennsylvanicus
C276__modoc_west_	modoc_west
C299b__laevissimus_	laevissimus
C303b__new_	new
C402__novaeboracencis_	novaeboracencis
C404__modoc_west_	modoc_west
C408__novaeboracencis_	novaeboracencis
